City_ID,City,Lat,Lng,Max Temp,Humidity,Cloudiness,Wind Speed,Country,Date
0,jamestown,42.097,-79.2353,26.68,48,75,1.79,US,1689791004
1,guiyang,26.5833,106.7167,20.27,100,20,1.0,CN,1689791353
2,ritchie,-29.038,24.6028,5.56,34,0,4.97,ZA,1689791353
3,papatowai,-46.5619,169.4708,5.77,79,100,3.27,NZ,1689790995
4,detroit lakes,46.8172,-95.8453,28.03,40,20,5.14,US,1689791355
5,hermanus,-34.4187,19.2345,6.56,77,41,5.0,ZA,1689791138
6,hashtrud,37.4779,47.0508,22.1,45,6,2.74,IR,1689791356
7,blackmans bay,-43.0167,147.3167,6.52,72,81,5.82,AU,1689791005
8,baganga,7.5739,126.56,25.14,85,98,1.55,PH,1689791357
9,port-aux-francais,-49.35,70.2167,3.05,78,97,8.48,TF,1689791025
10,petropavlovsk-kamchatsky,53.0452,158.6483,10.33,100,100,2.0,RU,1689791095
11,kamaishi,39.2667,141.8833,20.8,95,96,3.27,JP,1689791358
12,edinburgh of the seven seas,-37.0676,-12.3116,14.09,86,100,8.81,SH,1689791008
13,yuzhno-kurilsk,44.0306,145.8556,14.29,97,83,1.96,RU,1689791143
14,port elizabeth,-33.918,25.5701,9.5,87,100,1.54,ZA,1689790809
15,leava,-14.3,-178.1667,26.96,80,84,8.54,WF,1689791360
16,wailua homesteads,22.0669,-159.378,26.44,84,100,9.77,US,1689791021
17,port douglas,-16.4833,145.4667,21.39,80,69,3.89,AU,1689791361
18,bethel,41.3712,-73.414,26.61,60,75,3.09,US,1689791041
19,puerto natales,-51.7236,-72.4875,0.91,68,100,0.14,CL,1689790709
20,adamstown,-25.066,-130.1015,22.25,86,75,9.42,PN,1689791002
21,labytnangi,66.6572,66.4183,19.36,76,100,2.65,RU,1689791366
22,yellowknife,62.456,-114.3525,24.29,53,75,2.57,CA,1689790999
23,margaret river,-33.95,115.0667,12.14,69,95,5.64,AU,1689791116
24,carnarvon,-24.8667,113.6333,14.5,55,8,9.25,AU,1689791019
25,bilibino,68.0546,166.4372,18.05,79,21,0.65,RU,1689790994
26,udachny,66.4167,112.4,14.03,78,49,4.08,RU,1689791140
27,avarua,-21.2078,-159.775,21.03,56,40,3.09,CK,1689791036
28,keflavik,64.0049,-22.5624,13.24,71,40,5.66,IS,1689791370
29,pajara,28.3504,-14.1076,24.73,74,10,7.37,ES,1689791371
30,stanley,54.868,-1.6985,14.85,82,20,1.54,GB,1689790771
31,ust-nera,64.5667,143.2,14.82,76,32,1.91,RU,1689791030
32,howard springs,-12.497,131.047,19.95,42,30,2.52,AU,1689791372
33,puerto ayora,-0.7393,-90.3518,30.98,91,37,2.24,EC,1689791012
34,enewetak,11.3474,162.3373,28.51,76,71,6.02,MH,1689791157
35,qaqortoq,60.7167,-46.0333,8.11,95,100,1.99,GL,1689791066
36,port mathurin,-19.6833,63.4167,23.51,72,8,11.17,MU,1689791038
37,ushuaia,-54.8,-68.3,4.81,65,20,3.09,AR,1689790892
38,belogradchik,43.6272,22.6836,26.52,52,0,1.66,BG,1689791374
39,chonchi,-42.6128,-73.8092,11.73,94,100,2.81,CL,1689791097
40,albany,42.6001,-73.9662,28.68,50,28,0.45,US,1689790992
41,waitangi,-43.9535,-176.5597,12.12,93,98,2.24,NZ,1689791002
42,vallenar,-28.5708,-70.7581,28.15,8,100,0.9,CL,1689791376
43,pisco,-13.7,-76.2167,21.12,68,0,4.63,PE,1689791377
44,cabo san lucas,22.8909,-109.9124,36.61,52,40,5.14,MX,1689790969
45,corner brook,48.9667,-57.9484,26.09,72,40,5.08,CA,1689791378
46,menongue,-14.6585,17.691,16.55,30,0,0.71,AO,1689791379
47,alghero,40.5589,8.3181,30.05,74,0,3.09,IT,1689791379
48,thompson,55.7435,-97.8558,25.09,44,75,2.57,CA,1689791090
49,al bardiyah,31.7561,25.0865,27.85,60,0,4.71,LY,1689791380
50,mossel bay,-34.1831,22.146,7.96,61,21,5.2,ZA,1689791380
51,yunyang,33.4474,112.7142,23.87,95,96,1.55,CN,1689791386
52,narasannapeta,18.4167,84.05,26.49,83,92,3.68,IN,1689791386
53,georgetown,5.4112,100.3354,26.96,100,20,1.03,MY,1689790712
54,floro,61.5996,5.0328,11.04,93,75,3.6,NO,1689791387
55,sidi salim,31.271,30.7867,25.99,70,0,2.54,EG,1689791387
56,invercargill,-46.4,168.35,5.65,82,100,3.54,NZ,1689790808
57,bredasdorp,-34.5322,20.0403,7.53,74,19,1.12,ZA,1689791022
58,catanzaro,38.8908,16.5987,31.18,58,12,3.14,IT,1689791389
59,kayes,14.0,-11.0,35.07,43,16,5.28,ML,1689791389
60,college,64.8569,-147.8028,19.21,83,100,1.54,US,1689791009
61,tiksi,71.6872,128.8694,10.68,76,67,3.96,RU,1689791097
62,grytviken,-54.2811,-36.5092,0.45,97,90,5.42,GS,1689790995
63,touros,-5.1989,-35.4608,28.21,61,14,8.57,BR,1689791146
64,polyarnyy,69.1989,33.4478,12.48,95,100,5.49,RU,1689791044
65,yasuj,30.6682,51.588,24.75,20,0,4.12,IR,1689791391
66,dawei,14.0833,98.2,24.23,92,100,1.89,MM,1689791392
67,kodiak,57.79,-152.4072,13.73,94,100,0.0,US,1689790983
68,tazovsky,67.4667,78.7,16.19,70,51,4.49,RU,1689791037
69,pacasmayo,-7.4006,-79.5714,23.37,75,76,7.55,PE,1689791393
70,lihue,21.9789,-159.3672,26.77,77,100,9.77,US,1689791024
71,yibin,28.7667,104.6238,23.73,94,99,0.45,CN,1689791394
72,oamaru,-45.0784,170.9801,5.77,93,100,9.47,NZ,1689791105
73,tongren,27.7172,109.1853,23.88,98,99,0.86,CN,1689791395
74,port lincoln,-34.7333,135.8667,13.83,86,55,9.37,AU,1689791028
75,fale old settlement,-9.3852,-171.2468,28.26,77,78,6.87,TK,1689791048
76,can gio,10.4167,106.9667,25.77,86,99,6.37,VN,1689791396
77,klyavlino,54.2649,52.0267,15.53,96,89,3.22,RU,1689791396
78,rio grande,-32.035,-52.0986,16.06,60,38,4.56,BR,1689790959
79,punta arenas,-53.15,-70.9167,2.64,62,99,1.71,CL,1689791073
80,louisville,38.2542,-85.7594,27.18,70,100,7.2,US,1689791220
81,kirensk,57.7853,108.1119,13.81,71,94,0.83,RU,1689791398
82,longyearbyen,78.2186,15.6401,11.91,58,0,2.57,SJ,1689790993
83,viedma,-40.8135,-62.9967,12.41,46,100,10.51,AR,1689791399
84,korla,41.7597,86.1469,31.77,19,0,0.94,CN,1689791068
85,benjamin constant,-4.3831,-70.0311,28.07,89,75,0.51,BR,1689791399
86,constantia,44.1833,28.65,27.38,71,5,5.08,RO,1689791077
87,iqaluit,63.7506,-68.5145,3.85,100,100,3.6,CA,1689791047
88,duarte,34.1394,-117.9773,38.65,41,0,2.06,US,1689791140
89,kosmach,48.7509,24.3673,16.94,92,100,3.86,UA,1689791401
90,ribeira grande,38.5167,-28.7,23.22,83,20,2.57,PT,1689791036
91,mount isa,-20.7333,139.5,13.87,82,100,2.06,AU,1689790994
92,recani,31.2846,-4.2688,37.21,8,0,4.13,MA,1689791403
93,anadyr,64.75,177.4833,16.28,72,0,5.0,RU,1689790720
94,gadzhiyevo,69.2551,33.3362,12.2,94,100,5.48,RU,1689791084
95,mukalla,14.5425,49.1242,31.54,57,71,1.38,YE,1689791405
96,aykhal,66.0,111.5,13.36,81,85,4.79,RU,1689791155
97,kidatu,-7.6992,36.9572,22.14,66,36,0.34,TZ,1689791406
98,nioki,-2.7167,17.6833,28.62,32,70,1.18,CD,1689791406
99,timaru,-44.4,171.25,8.98,88,100,5.11,NZ,1689791407
100,limbazi,57.5129,24.7194,15.58,89,100,2.05,LV,1689791407
101,whitehorse,60.7161,-135.0538,18.43,52,40,5.66,CA,1689791160
102,st. john's,47.5649,-52.7093,29.04,74,75,9.77,CA,1689790973
103,nova xavantina,-14.6667,-52.35,34.93,22,100,2.31,BR,1689791392
104,hovd,48.0056,91.6419,22.63,31,4,0.81,MN,1689791184
105,puerto aysen,-45.4,-72.7,2.02,93,75,0.0,CL,1689791410
106,hailar,49.2,119.7,15.31,70,79,2.95,CN,1689791411
107,afaahiti,-17.75,-149.2833,25.93,77,78,9.65,PF,1689791039
108,hammerfest,70.6634,23.6821,8.25,93,75,5.66,NO,1689791199
109,tsumeb,-19.2333,17.7167,16.85,19,0,3.67,NA,1689791412
110,isafjordur,66.0755,-23.124,10.55,73,75,2.3,IS,1689791000
111,papao,-17.75,-149.55,26.82,81,20,11.0,PF,1689791413
112,west island,-12.1568,96.8225,24.99,83,40,6.17,CC,1689791057
113,nema,57.5067,50.5011,15.09,98,100,2.54,RU,1689791414
114,portland,45.5234,-122.6762,29.17,48,20,4.63,US,1689790873
115,ichnya,50.8626,32.3942,16.72,59,62,1.8,UA,1689791415
116,hithadhoo,-0.6,73.0833,28.78,72,98,6.24,MV,1689791124
117,bangassou,4.7413,22.8184,23.23,80,100,1.53,CF,1689791415
118,coquimbo,-29.9533,-71.3436,16.85,82,0,5.66,CL,1689791240
119,kralendijk,12.15,-68.2667,30.99,70,75,8.75,BQ,1689791096
120,tromso,69.6496,18.957,11.01,82,75,4.63,NO,1689791417
121,qeshm,26.9581,56.2719,33.94,70,100,2.51,IR,1689791417
122,mahibadhoo,3.7833,72.9667,28.31,75,27,4.36,MV,1689791417
123,pacific grove,36.6177,-121.9166,20.21,91,100,3.58,US,1689791418
124,happy valley-goose bay,53.3168,-60.3315,25.17,65,75,3.6,CA,1689791056
125,hawaiian paradise park,19.5933,-154.9731,24.94,99,100,5.14,US,1689791042
126,crane,31.3974,-102.3501,37.09,18,3,8.74,US,1689791167
127,macheng,31.1783,115.0319,24.5,95,100,0.38,CN,1689791420
128,minas de marcona,-15.2119,-75.1103,18.33,57,4,5.54,PE,1689791083
129,hasaki,35.7333,140.8333,26.22,92,100,5.58,JP,1689791421
130,independence,39.0911,-94.4155,34.36,73,20,4.12,US,1689791251
131,mariental,-24.6333,17.9667,12.68,46,0,5.29,NA,1689791422
132,saipan,15.1355,145.701,28.39,100,20,3.6,MP,1689791001
133,vorgashor,67.5833,63.95,18.25,73,51,3.74,RU,1689791007
134,kenai,60.5544,-151.2583,17.05,81,40,2.06,US,1689791423
135,revda,56.801,59.9303,14.88,95,88,1.62,RU,1689791252
136,ilulissat,69.2167,-51.1,11.01,76,75,1.54,GL,1689790918
137,alo,7.4178,6.7371,24.91,93,35,2.15,NG,1689791425
138,nelson bay,-32.7167,152.15,8.89,88,0,4.02,AU,1689791430
139,vilyuchinsk,52.9306,158.4028,11.15,97,82,1.09,RU,1689791045
140,nadi,-17.8,177.4167,22.0,83,75,1.54,FJ,1689791431
141,impfondo,1.6381,18.0667,26.2,72,74,1.1,CG,1689791432
142,rio preto da eva,-2.6994,-59.6997,33.18,44,60,1.17,BR,1689791145
143,akureyri,65.6835,-18.0878,9.96,71,20,5.66,IS,1689791084
144,vadso,70.0744,29.7487,11.09,82,75,8.75,NO,1689791052
145,levuka,50.1834,-105.4011,19.84,68,75,9.77,CA,1689791434
146,vila franca do campo,37.7167,-25.4333,23.23,71,68,1.74,PT,1689791130
147,hamilton,39.1834,-84.5333,29.58,74,75,3.09,US,1689790742
148,olonkinbyen,70.9221,-8.7187,4.78,91,88,4.93,SJ,1689790996
149,goundi,9.3627,17.366,24.11,80,9,2.07,TD,1689791435
150,quellon,-43.1167,-73.6167,13.14,88,100,4.12,CL,1689791183
151,fort mcmurray,56.7268,-111.381,23.77,56,0,3.09,CA,1689791436
152,chinsali,-10.5414,32.0816,15.66,49,88,1.91,ZM,1689791436
153,juneau,58.3019,-134.4197,17.0,91,75,0.0,US,1689791354
154,al artawiyah,26.5053,45.3444,35.43,9,7,3.88,SA,1689791437
155,salinas,36.6777,-121.6555,20.44,78,100,3.6,US,1689791406
156,kapuskasing,49.4169,-82.4331,19.05,63,100,4.12,CA,1689791166
157,puqi,29.7167,113.8833,24.97,93,100,0.91,CN,1689791438
158,nemuro,43.3236,145.575,14.44,96,74,1.2,JP,1689791082
159,mersa matruh,31.3525,27.2453,27.11,78,0,4.12,EG,1689791439
160,vyksa,55.3175,42.1744,14.21,80,5,4.34,RU,1689791440
161,santiago de cao,-7.9589,-79.2392,23.07,78,75,4.12,PE,1689791440
162,camocim,-2.9022,-40.8411,30.25,59,67,6.49,BR,1689791441
163,campo gallo,-26.5833,-62.85,20.08,28,5,3.76,AR,1689791441
164,acarau,-2.8856,-40.12,29.46,63,28,7.93,BR,1689791441
165,hilo,19.7297,-155.09,25.06,100,100,5.36,US,1689791442
166,midvagur,62.0511,-7.1939,7.46,93,100,9.26,FO,1689791442
167,cadale,2.7603,46.3222,25.05,84,25,9.11,SO,1689791443
168,monywa,22.1167,95.1333,30.47,65,100,5.36,MM,1689791443
169,dudinka,69.4058,86.1778,11.34,70,47,2.87,RU,1689791112
170,urangan,-25.3,152.9,17.42,64,0,4.68,AU,1689791444
171,khandud,36.9513,72.318,20.56,50,39,3.5,AF,1689791444
172,port alfred,-33.5906,26.891,13.3,65,98,7.66,ZA,1689791092
173,east london,-33.0153,27.9116,10.52,81,75,8.75,ZA,1689791086
174,laguna,38.421,-121.4238,33.34,50,0,2.06,US,1689791446
175,san ignacio de velasco,-16.3667,-60.95,28.64,34,0,1.85,BO,1689791446
176,colonia,50.9333,6.95,22.36,57,75,6.17,DE,1689790949
177,dadukou,26.5479,101.7054,22.06,82,100,0.76,CN,1689791447
178,ampelona,39.75,22.3667,32.04,35,0,2.06,GR,1689791447
179,nadym,65.5333,72.5167,19.12,92,100,3.06,RU,1689791060
180,awjilah,29.1081,21.2869,32.14,29,0,4.01,LY,1689791449
181,maseru,-29.3167,27.4833,6.28,31,0,2.07,LS,1689791450
182,tucuma,-0.1833,-50.05,30.12,61,16,3.3,BR,1689791450
183,brisas de zicatela,15.8369,-97.0419,32.22,54,31,3.33,MX,1689791276
184,klyuchi,52.2667,79.1667,24.37,36,71,2.13,RU,1689791053
185,sena madureira,-9.0656,-68.6569,31.84,46,100,1.62,BR,1689791451
186,robore,-18.3333,-59.75,27.4,33,0,0.8,BO,1689791126
187,kushiro,42.975,144.3747,15.1,97,70,1.19,JP,1689790795
188,batroun,34.2553,35.6581,28.26,90,0,2.67,LB,1689791453
189,kill devil hills,36.0307,-75.676,30.0,82,40,7.2,US,1689791044
190,egilsstadir,65.2653,-14.3948,7.95,76,40,4.63,IS,1689791153
191,utrik,11.2278,169.8474,28.48,80,78,9.01,MH,1689791077
192,thinadhoo,0.5333,72.9333,28.23,75,36,4.91,MV,1689791454
193,atafu village,-8.5421,-172.5159,28.52,77,64,7.75,TK,1689791021
194,ironwood,46.4547,-90.171,20.19,88,100,0.0,US,1689791455
195,timbuktu,16.7735,-3.0074,39.86,19,7,5.69,ML,1689791455
196,quirinopolis,-18.4483,-50.4517,31.41,27,100,2.32,BR,1689791456
197,rongelap,11.1635,166.8941,28.17,80,76,4.06,MH,1689791236
198,cannonvale,-20.2833,148.7,19.66,85,81,4.09,AU,1689791065
199,moree,-29.4667,149.85,5.37,52,0,2.03,AU,1689791457
200,mount pearl,47.5166,-52.7813,29.07,72,75,9.77,CA,1689791457
201,balqash,46.8481,74.995,26.39,40,100,5.18,KZ,1689791458
202,buka,40.8108,69.1986,26.81,29,4,4.61,UZ,1689791155
203,san patricio,28.017,-97.5169,38.4,38,9,7.07,US,1689791192
204,zouerate,22.7187,-12.4521,40.58,17,15,5.99,MR,1689791459
205,nuuk,64.1835,-51.7216,7.34,100,100,8.23,GL,1689790878
206,badger,64.8,-147.5333,19.17,83,75,1.54,US,1689791057
207,itoigawa,37.0333,137.85,22.23,94,88,0.8,JP,1689791461
208,kalemie,-5.9475,29.1947,22.14,58,23,0.42,CD,1689791046
209,stara vyzhivka,51.4376,24.44,18.03,66,90,2.43,UA,1689791461
210,usinsk,65.9939,57.5281,19.95,67,96,4.48,RU,1689791462
211,pangody,65.85,74.4859,18.36,96,100,3.28,RU,1689791462
212,san luis de la loma,17.2706,-100.8939,32.32,58,69,3.93,MX,1689791024
213,boyolangu,-8.1181,111.8935,21.03,92,21,1.76,ID,1689791463
214,mana,5.6592,-53.7767,28.76,71,19,4.64,GF,1689791464
215,iskateley,67.6803,53.1512,17.47,73,21,5.11,RU,1689791015
216,arraial do cabo,-22.9661,-42.0278,19.98,94,100,5.14,BR,1689791037
217,toamasina,-18.1667,49.3833,21.0,94,40,2.06,MG,1689791004
218,launceston,-41.45,147.1667,6.2,89,100,1.54,AU,1689791466
219,khomeyn,33.6423,50.0789,26.27,34,14,2.99,IR,1689791466
220,beloyarskiy,63.7119,66.6722,18.56,88,100,3.03,RU,1689791467
221,tsiombe,-25.3,45.4833,20.26,73,25,2.48,MG,1689791022
222,ancud,-41.8697,-73.8203,11.76,93,100,5.15,CL,1689791468
223,bodaybo,57.8506,114.1933,10.42,97,100,1.44,RU,1689791468
224,dryden,49.7833,-92.7503,16.16,94,100,2.06,CA,1689791211
225,pocatello,42.8713,-112.4455,33.43,35,0,4.63,US,1689791469
226,moussoro,13.6408,16.4901,33.95,37,100,4.56,TD,1689791470
227,waingapu,-9.6567,120.2641,21.78,83,10,3.56,ID,1689791091
228,saldanha,-33.0117,17.9442,10.03,65,4,11.07,ZA,1689791238
229,aasiaat,68.7098,-52.8699,4.43,99,100,2.69,GL,1689791090
230,cedar falls,42.5278,-92.4455,29.01,57,0,5.66,US,1689791471
231,kingston,17.997,-76.7936,33.53,64,20,11.32,JM,1689790909
232,kalmunai,7.4167,81.8167,27.72,62,47,3.27,LK,1689791232
233,puerto carreno,6.189,-67.4859,29.99,66,40,1.54,CO,1689791357
234,susuman,62.7833,148.1667,15.19,65,66,1.97,RU,1689791123
235,kapa'a,22.0752,-159.319,27.18,82,100,9.77,US,1689791209
236,ozalp,38.6548,43.993,17.47,58,60,1.62,TR,1689791474
237,kangding,30.0513,101.9603,14.55,93,99,1.13,CN,1689791223
238,mejit,10.2753,170.8646,28.01,82,62,9.14,MH,1689791179
239,aoulef,26.9667,1.0833,40.31,7,0,10.67,DZ,1689791476
240,san carlos,9.6612,-68.5827,27.03,90,99,2.3,VE,1689791477
241,tofol,5.3248,163.0078,28.48,69,100,4.15,FM,1689791477
242,alice springs,-23.7,133.8833,8.75,76,75,1.03,AU,1689791031
243,elko,41.0002,-115.5012,29.24,35,96,3.58,US,1689791478
244,sogndal,61.2283,7.1003,12.21,87,75,3.6,NO,1689791478
245,selfoss,63.9331,-20.9971,16.69,59,23,4.93,IS,1689791479
246,wasagu,11.3764,5.7954,26.38,70,100,3.41,NG,1689791479
247,road town,18.4167,-64.6167,32.05,70,40,5.14,VG,1689791277
248,kidal,18.4411,1.4078,39.15,13,33,4.32,ML,1689791481
249,pyay,18.8167,95.2167,25.88,86,86,2.57,MM,1689791239
250,temiskaming shores,47.4938,-79.7153,19.89,46,100,1.16,CA,1689791482
251,rapar,23.5667,70.6333,29.22,74,100,4.79,IN,1689791483
252,luanda,-8.8368,13.2343,22.0,83,3,2.57,AO,1689791194
253,glace bay,46.1969,-59.957,27.66,84,75,7.2,CA,1689791484
254,inarajan village,13.2736,144.7484,28.54,88,99,4.67,GU,1689791484
255,koungou,-12.7336,45.2042,23.84,78,0,2.57,YT,1689791485
256,nyandoma,61.669,40.1991,15.56,98,71,2.21,RU,1689791010
257,micheweni,-4.9667,39.8333,23.86,79,6,4.8,TZ,1689791485
258,cestos city,5.46,-9.5828,24.94,90,100,4.01,LR,1689791486
259,santa ana,33.7456,-117.8678,38.0,52,0,2.57,US,1689791456
260,karpinsk,59.7654,60.0085,14.61,97,58,1.91,RU,1689791487
261,kismayo,-0.3582,42.5454,25.2,76,8,7.74,SO,1689791487
262,mpanda,-6.3655,31.0409,20.09,42,37,0.97,TZ,1689791488
263,shimoda,34.6667,138.95,25.86,91,95,5.11,JP,1689791468
264,barranca,-10.75,-77.7667,21.6,69,3,4.09,PE,1689791489
265,sekong,-6.3996,106.0252,22.15,88,14,0.66,ID,1689791489
266,barra de santo antonio,-9.4047,-35.5072,26.6,78,45,5.53,BR,1689791490
267,neiafu,-18.65,-173.9833,23.38,64,40,6.69,TO,1689791490
268,valentin gomez farias,28.2167,-106.5833,33.23,14,0,4.16,MX,1689791073
269,laminusa,5.5549,120.9136,27.59,73,97,0.93,PH,1689791491
270,dzhangala,49.2167,50.3333,22.4,69,100,1.31,KZ,1689791491
271,aden,12.7794,45.0367,31.52,59,24,1.52,YE,1689791492
272,santo antonio,-6.3106,-35.4789,27.87,54,6,7.87,BR,1689791492
273,kupang,-10.1667,123.5833,24.03,79,28,3.83,ID,1689791054
274,lebu,-37.6167,-73.65,12.33,97,100,5.73,CL,1689791026
275,port saint john's,-31.6229,29.5448,14.63,62,28,8.19,ZA,1689791115
276,yarmouth,41.7057,-70.2286,30.34,76,20,5.14,US,1689791060
277,pontianak,-0.0333,109.3333,22.99,100,75,1.03,ID,1689791342
278,copiapo,-27.3667,-70.3333,16.83,9,100,0.95,CL,1689791342
279,shahrud,36.4182,54.9763,22.16,56,54,3.89,IR,1689791495
280,chipinge,-20.1883,32.6236,12.46,52,0,1.67,ZW,1689791495
281,holualoa,19.6228,-155.9522,25.91,78,75,3.6,US,1689790959
282,uturoa,-16.7333,-151.4333,26.24,79,66,7.8,PF,1689791270
283,puerto madero,14.7208,-92.4215,33.11,70,40,0.0,MX,1689791497
284,san antonio de pale,-1.4014,5.6325,23.79,86,100,5.08,GQ,1689791193
285,torquay,50.4638,-3.5143,20.95,63,1,2.68,GB,1689791498
286,pacocha,-17.5833,-71.3333,19.08,73,100,5.14,PE,1689791498
287,jalingo,8.8833,11.3667,27.76,68,99,2.97,NG,1689791499
288,richards bay,-28.783,32.0377,17.78,64,94,8.33,ZA,1689791067
289,el granada,37.5027,-122.4694,27.72,77,100,5.14,US,1689791327
290,la'ie,21.6477,-157.9253,26.98,83,97,4.92,US,1689791029
291,manggar,-2.8833,108.2667,26.19,86,100,4.89,ID,1689791501
292,beatrice,40.2681,-96.747,27.05,78,40,3.09,US,1689791501
293,ola,59.5833,151.2833,14.73,76,23,1.02,RU,1689791063
294,nar'yan-mar,67.6713,53.087,17.53,73,20,5.13,RU,1689791014
295,malindi,-3.2175,40.1191,25.09,73,20,4.12,KE,1689791502
296,torghay,49.6339,63.4981,21.75,55,6,4.88,KZ,1689791503
297,talnakh,69.4865,88.3972,9.94,68,34,3.34,RU,1689791052
298,n'zeto,-7.2312,12.8666,21.33,86,4,3.55,AO,1689791507
299,tura,25.5198,90.2201,25.59,94,87,2.11,IN,1689791118
300,tekeli,44.83,78.8239,21.85,42,8,3.61,KZ,1689791508
301,arvayheer,46.2639,102.775,12.71,81,100,1.24,MN,1689791508
302,waris aliganj,25.0167,85.6333,31.94,62,93,3.89,IN,1689791509
303,fortuna,40.5982,-124.1573,15.37,97,100,4.12,US,1689790872
304,new norfolk,-42.7826,147.0587,7.18,80,95,1.29,AU,1689791199
305,esmeraldas,-19.7625,-44.3139,27.58,31,100,2.62,BR,1689791477
306,xuddur,4.1213,43.8894,26.31,50,100,8.87,SO,1689791511
307,ulsteinvik,62.3432,5.8487,13.75,90,100,3.13,NO,1689791512
308,kamuli,0.9472,33.1197,18.82,66,48,1.41,UG,1689791512
309,stephenville,32.2207,-98.2023,39.87,22,0,3.6,US,1689791263
310,kalaleh,37.3807,55.4916,26.78,57,75,3.09,IR,1689791513
311,tolanaro,-25.0319,46.9987,22.04,83,20,7.2,MG,1689791029
312,nanao,37.05,136.9667,23.48,89,66,0.64,JP,1689791514
313,yaren,-0.5472,166.916,27.81,76,88,0.63,NR,1689791206
314,abak,4.9797,7.7917,24.49,93,100,2.69,NG,1689791515
315,susanville,40.4163,-120.653,30.07,24,0,2.06,US,1689791515
316,chernyshevskiy,63.0128,112.4714,12.9,81,99,1.18,RU,1689791515
317,namibe,-15.1961,12.1522,18.15,83,0,2.3,AO,1689791018
318,queenstown,-31.8976,26.8753,3.36,79,31,1.37,ZA,1689791116
319,sao gabriel da cachoeira,-0.1303,-67.0892,26.89,89,40,2.06,BR,1689791133
320,sorong,-0.8833,131.25,26.4,83,100,5.62,ID,1689791517
321,chirala,15.8167,80.35,28.18,66,100,8.09,IN,1689791517
322,yeraliyev,43.2,51.65,24.7,59,0,4.02,KZ,1689791518
323,chui,-33.6971,-53.4616,11.9,68,94,3.89,UY,1689791518
324,moultrie,31.1799,-83.7891,33.93,55,40,2.06,US,1689791519
325,fada,9.5667,8.3,22.02,90,100,1.12,NG,1689791519
326,waghai,20.7667,73.4833,24.88,97,100,1.53,IN,1689791520
327,kencong,-8.2833,113.3667,20.97,88,0,0.51,ID,1689791520
328,tharangambadi,11.0319,79.8528,28.8,61,34,7.45,IN,1689791520
329,chibougamau,49.9168,-74.3659,13.79,77,100,3.66,CA,1689791125
330,pontal,-21.0225,-48.0372,27.15,39,99,2.23,BR,1689791521
331,raja,8.4596,25.678,22.52,91,100,1.52,SS,1689791522
332,champerico,14.3,-91.9167,35.3,66,16,2.69,GT,1689791522
333,kirakira,-10.4544,161.9205,26.44,89,62,3.23,SB,1689791523
334,sisimiut,66.9395,-53.6735,9.04,95,99,2.11,GL,1689791140
335,mayahi,13.9553,7.6712,28.45,58,100,3.39,NE,1689791524
336,cape canaveral,28.4058,-80.6048,33.33,72,20,4.63,US,1689791524
337,vila velha,-20.3297,-40.2925,24.97,85,75,5.66,BR,1689791231
338,yeed,4.55,43.0333,27.48,47,92,7.37,SO,1689791525
339,strezhevoy,60.7333,77.5889,17.97,77,39,2.99,RU,1689791526
340,kodinsk,58.6881,99.1844,14.47,62,5,0.64,RU,1689791173
341,la mira,18.035,-102.3266,32.75,60,39,5.17,MX,1689791527
342,petrolina,-9.3986,-40.5008,31.03,37,20,6.17,BR,1689791528
343,banda aceh,5.5577,95.3222,26.18,84,100,8.34,ID,1689791528
344,pionerskiy,54.9508,20.2275,16.91,68,60,6.42,RU,1689791529
345,kourou,5.1552,-52.6478,30.03,68,31,4.38,GF,1689791127
346,monrovia,6.3005,-10.7969,25.87,90,100,4.05,LR,1689791530
347,tateyama,34.9833,139.8667,25.01,93,96,5.18,JP,1689791530
348,al jawf,29.5,38.75,33.63,12,0,3.72,SA,1689791142
349,zaozersk,69.4005,32.4476,11.63,92,98,5.3,RU,1689791061
350,mountain home,43.133,-115.6912,28.71,15,0,2.57,US,1689791532
351,brookings,44.3114,-96.7984,30.14,54,40,3.6,US,1689791410
352,oriximina,-1.7656,-55.8661,34.66,34,1,3.88,BR,1689791468
353,bukama,-9.2,25.85,24.67,30,73,1.64,CD,1689791533
354,mokhsogollokh,61.4681,128.9203,12.69,91,100,1.4,RU,1689791192
355,kotka,60.4664,26.9458,19.59,71,97,5.57,FI,1689791534
356,tual,-5.6667,132.75,26.27,81,21,8.44,ID,1689791016
357,mirpur sakro,24.5474,67.6277,29.38,73,100,7.03,PK,1689791016
358,monterey,36.2505,-121.2516,30.31,18,0,1.47,US,1689791406
359,madanapalle,13.55,78.5,23.62,71,100,8.52,IN,1689791246
360,plettenberg bay,-34.0527,23.3716,11.82,66,100,3.23,ZA,1689791536
361,bardai,11.65,7.2333,27.33,62,100,5.12,NG,1689791518
362,corte,42.25,9.25,34.22,41,0,3.33,FR,1689791537
363,salekhard,66.53,66.6019,18.64,81,100,1.43,RU,1689791538
364,freetown,8.484,-13.2299,26.84,83,75,4.12,SL,1689791538
365,sitka,57.0531,-135.33,13.94,77,75,0.0,US,1689791079
366,sungai penuh,-2.0833,101.3833,17.84,99,100,0.47,ID,1689791159
367,carutapera,-1.195,-46.02,28.6,71,47,3.91,BR,1689791182
368,nova sintra,14.8667,-24.7167,22.74,83,77,4.06,CV,1689791268
369,boende,-0.2167,20.8667,26.89,59,88,1.25,CD,1689791541
370,geraldton,-28.7667,114.6,10.23,81,100,2.57,AU,1689791204
371,port blair,11.6667,92.75,28.02,83,40,3.6,IN,1689791236
372,bengkulu,-3.8004,102.2655,23.84,93,97,1.73,ID,1689791333
373,lompoc,34.6391,-120.4579,30.99,85,75,3.09,US,1689791123
374,leh,34.1667,77.5833,14.75,81,100,0.84,IN,1689791544
375,ad dawadimi,24.5077,44.3924,34.64,10,80,2.57,SA,1689791544
376,gandai,21.6667,81.1,27.77,77,33,1.13,IN,1689791544
377,trabzon,40.9167,39.8333,20.05,73,40,1.03,TR,1689791545
378,phrai bueng,14.7483,104.3626,24.06,97,100,2.76,TH,1689791545
379,oranjemund,-28.55,16.4333,11.83,75,6,11.97,NA,1689791546
380,whakatane,-37.9585,176.9854,8.76,84,100,1.72,NZ,1689791547
381,diebougou,10.9667,-3.25,28.49,60,97,2.01,BF,1689791547
382,mbeni,-11.5014,43.3775,23.28,69,20,1.54,KM,1689791548
383,ta`u,-14.2336,-169.5144,26.55,77,90,11.61,AS,1689791143
384,doma,8.3833,8.35,26.56,82,50,2.07,NG,1689791549
385,coronel suarez,-37.4547,-61.9334,9.65,50,100,7.61,AR,1689791549
386,kerikeri,-35.2268,173.9474,12.66,88,80,4.86,NZ,1689791179
387,sona,45.4388,10.8255,31.69,55,75,2.57,IT,1689791550
388,westport,41.1415,-73.3579,27.26,69,40,4.63,US,1689791328
389,aginskoye,51.1,114.53,13.27,67,0,2.09,RU,1689791242
390,cururupu,-1.8283,-44.8683,28.73,66,66,1.12,BR,1689791552
391,mangrol,21.1167,70.1167,27.78,86,100,6.37,IN,1689791552
392,valley city,46.9233,-98.0032,23.29,60,75,6.69,US,1689791553
393,cockburn town,21.4612,-71.1419,28.84,81,8,10.25,TC,1689791553
394,ishigaki,24.3448,124.1572,26.07,94,20,2.57,JP,1689791554
395,hotan,37.0997,79.9269,32.44,12,20,6.03,CN,1689791187
396,dumas,35.8656,-101.9732,30.9,61,0,4.12,US,1689791554
397,harper,4.375,-7.7169,25.14,87,99,5.05,LR,1689791183
398,labuan,5.2767,115.2417,26.2,89,20,1.03,MY,1689791555
399,contamana,-7.3333,-75.0167,32.43,47,35,1.86,PE,1689791556
400,klaksvik,62.2266,-6.589,7.51,84,99,10.82,FO,1689791039
401,san fernando de monte cristi,19.8667,-71.65,32.38,61,96,10.75,DO,1689791557
402,garissa,-0.4536,39.6401,26.01,58,92,10.34,KE,1689791158
403,montepuez,-13.1256,38.9997,20.68,71,70,3.47,MZ,1689791558
404,lamar,33.6668,-95.5836,36.47,62,0,4.63,US,1689791059
405,pauini,-7.7136,-66.9764,35.77,32,54,2.0,BR,1689791559
406,el colorado,-26.3081,-59.3729,18.77,35,3,1.37,AR,1689791559
407,kol'tsovo,54.9376,83.1825,21.66,65,0,3.42,RU,1689791559
408,yichang,30.7144,111.2847,25.46,81,100,1.33,CN,1689791560
409,sao vicente,-23.9631,-46.3919,22.1,94,100,3.6,BR,1689791560
410,mezhdurechenskiy,59.6,65.9333,16.87,95,100,3.59,RU,1689791561
411,ostersund,63.1792,14.6357,15.25,33,75,4.12,SE,1689791561
412,barra,-11.0894,-43.1417,30.84,28,1,3.45,BR,1689791562
413,sandnessjoen,66.0217,12.6316,18.29,67,0,5.14,NO,1689791024
414,cill airne,52.05,-9.5167,15.26,69,53,4.06,IE,1689791040
415,badiyah,22.45,58.8,32.76,45,94,2.65,OM,1689791563
416,anatuya,-28.4606,-62.8347,18.64,27,4,4.78,AR,1689791563
417,maxixe,-23.8597,35.3472,19.05,82,0,1.78,MZ,1689791564
418,fort bragg,35.139,-79.006,34.39,57,20,5.14,US,1689791187
419,burela de cabo,43.65,-7.4,18.98,74,35,3.08,ES,1689791564
420,arkhara,49.4212,130.0842,18.62,85,4,1.85,RU,1689791110
421,tarrafal de sao nicolau,16.5667,-24.3667,25.3,82,94,4.07,CV,1689791565
422,berdigestyakh,62.0989,126.6992,12.51,72,100,1.68,RU,1689791566
423,sinabang,2.4803,96.3801,24.94,91,100,3.71,ID,1689791173
424,greenwood,34.1668,-82.1165,30.2,61,0,4.12,US,1689791544
425,lichinga,-13.3128,35.2406,17.05,72,75,2.06,MZ,1689791217
426,taro,-8.3862,115.28,21.0,81,65,2.23,ID,1689791567
427,mbandaka,0.0487,18.2603,24.96,68,87,0.96,CD,1689791568
428,dien bien phu,21.3833,103.0167,22.16,100,100,0.95,VN,1689791568
429,wuwei,37.9281,102.6414,19.98,52,88,2.29,CN,1689791568
430,brownwood,31.7093,-98.9912,41.0,22,0,6.17,US,1689791323
431,reggane,26.7158,0.1714,40.31,6,0,6.56,DZ,1689791508
432,lockwood,45.8191,-108.4149,26.9,32,0,6.69,US,1689791570
433,faulquemont,49.0471,6.6031,23.73,38,100,5.3,FR,1689791570
434,berlin,52.5244,13.4105,22.26,59,0,5.14,DE,1689791571
435,trebisov,48.6286,21.7195,20.11,93,56,2.0,SK,1689791571
436,lucheng,31.2336,117.2806,25.34,93,100,2.45,CN,1689791571
437,cuito,-12.3833,16.9333,14.85,39,0,0.92,AO,1689791572
438,vernon,50.2581,-119.2691,28.12,29,62,1.54,CA,1689791112
439,mendi,-6.1761,143.6513,11.83,94,99,0.82,PG,1689791573
440,sur,22.5667,59.5289,33.17,53,56,4.82,OM,1689791247
441,al muwayh,22.4333,41.7583,32.98,14,48,8.88,SA,1689791577
442,murphysboro,37.7645,-89.3351,26.03,83,75,1.54,US,1689791577
443,new plymouth,-39.0667,174.0833,12.12,92,100,5.17,NZ,1689791578
444,salinopolis,-0.6136,-47.3561,26.64,83,45,3.83,BR,1689791578
445,kegeyli shahar,42.7767,59.6078,26.05,35,0,0.97,UZ,1689791578
446,al ghayzah,16.2079,52.176,25.94,87,30,4.73,YE,1689791579
447,tralee,52.2704,-9.7026,14.95,71,28,3.82,IE,1689790998
448,ixtapa,20.7,-105.2,32.9,66,20,3.6,MX,1689791081
449,tyre,33.2733,35.1939,27.34,75,0,0.44,LB,1689791580
450,portachuelo,-17.35,-63.4,23.78,39,53,0.68,BO,1689791580
451,vikarabad,17.3333,77.9,21.3,94,100,9.29,IN,1689791581
452,zhezqazghan,47.7833,67.7667,25.36,35,50,4.0,KZ,1689791231
453,andrushivka,50.0229,29.0202,16.99,61,33,1.45,UA,1689791582
454,puerto deseado,-47.7503,-65.8938,7.9,49,42,4.83,AR,1689791489
455,hadibu,12.65,54.0333,25.42,79,47,8.4,YE,1689791066
456,lauterbach,50.6333,9.4,22.49,79,100,3.05,DE,1689791583
457,ust'-kut,56.7938,105.7672,13.08,69,23,1.18,RU,1689791540
458,priargunsk,50.3691,119.1012,14.11,70,0,2.04,RU,1689791584
459,nishinoomote,30.7333,131.0,27.33,85,100,7.04,JP,1689791585
460,newman,37.3138,-121.0208,31.24,17,3,0.93,US,1689791208
461,bridgetown,13.1,-59.6167,30.27,84,40,6.69,BB,1689791385
462,porto murtinho,-21.6989,-57.8825,26.68,33,0,0.79,BR,1689791586
463,lerwick,60.1545,-1.1494,11.0,85,100,9.76,GB,1689791043
464,rupert,42.6191,-113.6772,30.1,26,0,1.54,US,1689791587
465,ghadamis,30.1337,9.5007,38.07,10,0,8.53,LY,1689791587
466,senador jose porfirio,-2.5908,-51.9542,32.95,42,27,0.7,BR,1689791588
467,yangquan,37.8575,113.5633,21.91,48,36,1.48,CN,1689791588
468,mount gambier,-37.8333,140.7667,10.03,56,100,7.62,AU,1689791078
469,takab,36.4009,47.1133,21.54,42,22,2.41,IR,1689791589
470,praia da vitoria,38.7333,-27.0667,27.14,65,20,1.69,PT,1689791142
471,namtsy,62.7161,129.6658,14.89,60,100,1.66,RU,1689791176
472,terrace,54.5163,-128.6035,21.79,68,75,1.54,CA,1689791590
473,mandalgovi,45.7625,106.2708,14.44,85,100,5.2,MN,1689791591
474,genhe,50.7833,121.5167,12.78,96,0,1.5,CN,1689791592
475,thunder bay,48.4001,-89.3168,16.99,72,100,2.57,CA,1689791592
476,kone,-21.0595,164.8658,20.16,90,86,3.18,NC,1689791062
477,palora,-1.7,-77.9333,25.06,42,54,2.03,EC,1689791593
478,hassi messaoud,31.6804,6.0729,43.92,10,0,3.09,DZ,1689791593
479,paramonga,-10.6667,-77.8333,22.24,69,4,4.24,PE,1689791594
480,roja,57.5,22.8167,14.48,76,91,5.1,LV,1689791595
481,merlo,-32.3429,-65.014,13.02,45,100,7.61,AR,1689791479
482,antalaha,-14.9003,50.2788,22.52,77,95,3.58,MG,1689791595
483,omdurman,15.6445,32.4777,37.09,24,10,3.98,SD,1689791596
484,concepcion del bermejo,-26.5993,-60.9462,19.11,25,99,2.57,AR,1689791597
485,colimes,-1.55,-80.0167,30.54,64,77,1.16,EC,1689791597
486,ogulin,45.2661,15.2286,24.05,67,74,1.88,HR,1689791598
487,takoradi,4.8845,-1.7554,24.88,90,77,4.45,GH,1689791598
488,swakopmund,-22.6833,14.5333,14.47,83,0,3.88,NA,1689791426
489,kendari,-3.945,122.4989,22.75,91,5,1.3,ID,1689791600
490,ziro,27.6333,93.8333,15.81,94,16,0.92,IN,1689791601
491,campoverde,-8.4753,-74.8058,26.83,52,90,2.48,PE,1689791601
492,isla mujeres,21.2311,-86.731,33.03,68,12,4.5,MX,1689791413
493,nago,26.5881,127.9761,27.47,82,95,2.55,JP,1689791602
494,haiku-pauwela,20.9219,-156.3051,25.28,94,100,10.29,US,1689791603
495,kisangani,0.5167,25.2,24.95,73,100,1.06,CD,1689791603
496,cartagena,10.3997,-75.5144,32.79,66,20,8.23,CO,1689791401
497,piti village,13.4626,144.6933,28.49,83,0,3.6,GU,1689791604
498,inhambane,-23.865,35.3833,19.76,81,0,2.09,MZ,1689791605
499,aver-o-mar,41.4078,-8.7812,28.51,78,0,4.63,PT,1689791605
500,oban,56.4127,-5.4706,17.43,74,9,4.15,GB,1689791606
501,san pedro,14.35,121.0167,26.86,96,40,0.89,PH,1689791499
502,valandovo,41.3169,22.5611,27.32,43,0,0.57,MK,1689791607
503,huarmey,-10.0681,-78.1522,23.42,66,32,4.36,PE,1689791607
504,concepcion,-36.827,-73.0498,11.89,100,100,5.14,CL,1689791343
505,san mateo del mar,16.2,-95.0,32.13,57,6,13.45,MX,1689791608
506,osakarovka,50.565,72.5692,20.58,46,70,0.16,KZ,1689791608
507,quepos,9.4236,-84.1652,30.33,71,10,2.39,CR,1689791609
508,al ain city,24.1917,55.7606,35.79,49,100,4.12,AE,1689791554
509,char bhadrasan,23.3167,90.2167,27.6,89,15,3.89,BD,1689791610
510,stara tura,48.7772,17.6943,26.2,47,0,2.57,SK,1689791610
511,lesozavodsk,45.4794,133.4244,18.06,94,5,1.32,RU,1689791611
512,basco,20.4487,121.9702,28.67,76,52,4.56,PH,1689791611
513,mramani,-12.3464,44.5286,24.08,75,50,2.48,KM,1689791612
514,torit,4.4133,32.5678,24.61,65,98,1.7,SS,1689791612
515,san julian,21.0167,-102.1667,26.94,30,90,2.65,MX,1689791613
516,zagora,30.3484,-5.8365,38.55,7,1,6.14,MA,1689791613
517,ketchikan,55.3422,-131.6461,15.26,94,100,3.09,US,1689791613
518,vikhorevka,56.1201,101.1636,14.77,66,20,1.18,RU,1689791614
519,kilju,40.9642,129.3278,20.95,79,9,1.19,KP,1689791163
520,codajas,-3.8367,-62.0569,36.48,29,74,2.47,BR,1689791615
521,north las vegas,36.1989,-115.1175,41.47,20,0,3.09,US,1689791615
522,kudahuvadhoo,2.6708,72.8944,28.36,73,21,4.07,MV,1689791279
523,maun,-19.9833,23.4167,14.98,36,0,1.03,BW,1689791616
524,postbauer-heng,49.3053,11.3572,23.84,59,62,2.6,DE,1689791616
525,illizi,26.4833,8.4667,37.89,14,0,4.39,DZ,1689791617
526,dunedin,-45.8742,170.5036,6.16,90,100,3.46,NZ,1689791064
527,saint-pierre,-21.3393,55.4781,19.82,83,0,3.6,RE,1689791617
528,santana,-0.0583,-51.1817,33.1,62,40,4.12,BR,1689791602
529,khandyga,62.6667,135.6,13.22,91,100,1.01,RU,1689791618
530,malmberget,67.1753,20.6549,12.31,76,40,4.63,SE,1689791619
531,galliano,29.4422,-90.2992,36.67,52,0,2.57,US,1689791619
532,popondetta,-8.7537,148.2534,21.7,88,100,1.19,PG,1689791620
533,ocean shores,46.9737,-124.1563,21.64,86,0,4.12,US,1689791620
534,fisterra,42.9049,-9.2629,23.75,82,8,8.91,ES,1689791621
535,nianzishan,47.5167,122.8833,19.18,82,20,2.49,CN,1689791622
536,fuglafjordur,62.244,-6.814,7.26,86,100,9.59,FO,1689791622
537,okha,53.5739,142.9478,13.23,96,68,2.42,RU,1689791533
538,relizane,35.7373,0.556,35.69,23,6,1.41,DZ,1689791623
539,gargalianoi,37.0667,21.6333,27.34,54,0,2.28,GR,1689791623
540,lodja,-3.4833,23.4333,28.9,30,84,0.75,CD,1689791624
541,broken hill,-31.95,141.4333,8.66,54,17,5.9,AU,1689791084
542,walvis bay,-22.9575,14.5053,14.53,77,0,2.57,NA,1689791625
543,streator,41.1209,-88.8354,27.45,50,95,0.45,US,1689791625
544,miandrivazo,-19.5167,45.4667,25.17,50,100,0.96,MG,1689791625
545,xining,36.6167,101.7667,11.41,90,72,1.86,CN,1689791259
546,foca,38.6703,26.7566,32.91,58,0,6.27,TR,1689791626
547,tanabe,33.7333,135.3667,24.43,95,99,1.87,JP,1689791627
548,marmande,44.5,0.1667,26.17,53,0,4.92,FR,1689791627
549,tangalle,6.024,80.7911,27.09,88,52,5.23,LK,1689791250
550,yallahs,17.8748,-76.5624,34.9,70,100,6.94,JM,1689791628
551,kiunga,-6.1219,141.2906,21.38,98,98,1.21,PG,1689791544
552,jiuquan,39.7432,98.5174,21.79,44,35,4.97,CN,1689791629
553,amberieu-en-bugey,45.9589,5.3432,27.99,57,2,2.55,FR,1689791629
554,maych'ew,12.7875,39.5422,18.16,65,83,2.39,ET,1689791630
555,sesheke,-17.4759,24.2968,15.35,32,0,1.61,ZM,1689791630
556,ad dilam,23.9915,47.1627,39.23,9,96,2.62,SA,1689791631
557,kamina,-8.7386,24.9906,19.08,34,19,0.89,CD,1689791631
558,svetlyy,54.675,20.1347,17.03,77,93,3.73,RU,1689791632
559,spring creek,40.7266,-115.5859,29.05,31,100,3.1,US,1689791632
560,benguela,-12.5763,13.4055,19.76,85,51,2.39,AO,1689791633
561,benjamin hill,30.1667,-111.1,36.28,30,0,0.85,MX,1689791634
562,albina,5.5,-54.05,31.01,59,44,3.09,SR,1689791634
563,cuajinicuilapa,16.4667,-98.4167,35.06,47,8,2.48,MX,1689791635
564,challapata,-18.9,-66.7667,13.44,15,0,3.13,BO,1689791635
565,manokwari,-0.8667,134.0833,25.32,82,69,1.47,ID,1689791164
566,nola,40.922,14.5329,31.63,71,18,1.61,IT,1689791636
567,kannur,11.8675,75.3576,26.3,87,100,5.47,IN,1689791637
568,cimahi,-6.8722,107.5425,17.12,67,10,2.43,ID,1689791637
